id,name,catalog,category,ports,servo_torque_nm,dc_motor,board_profile
arduino_uno,Arduino Uno R3,parts,3,12,0.0,False,uno
arm_link,Arm Link,parts,1,1,0.0,False,
ball_caster,Ball Caster,parts,1,1,0.0,False,
base,Base Plate,parts,1,1,0.0,False,
biped_body,Biped Body,parts,1,3,0.0,False,
board,Board (placeholder),parts,3,2,0.0,False,
car_chassis,Robot Car Chassis,parts,1,6,0.0,False,
chassis_plate,Chassis Plate 120 mm,parts,1,5,0.0,False,
foot,Foot,parts,1,2,0.0,False,
hc_sr04,HC-SR04 Ultrasonic,parts,3,3,0.0,False,
leg_link,Leg Link,parts,1,2,0.0,False,
microbit,micro:bit V2,parts,3,7,0.0,False,microbit
motor_driver,Motor Driver V2 (DRV8833),parts,3,7,0.0,False,
servo,Servo Motor,parts,2,3,0.0,False,
servo_bracket,Servo Angle Bracket,parts,1,3,0.0,False,
stage_wall,Stage Wall,parts,1,0,0.0,False,
tb6612_driver,Motor Driver (TB6612FNG),parts,3,7,0.0,False,
tt_motor,TT Gear Motor,parts,2,4,0.0,True,
wheel_65,Wheel 65 mm,parts,1,1,0.0,False,
cargo_box,Practice box (0.4 kg),humanoid,1,0,0.0,False,
humanoid_board,Virtual humanoid controller,humanoid,3,11,0.0,False,
humanoid_foot,Humanoid ankle and foot,humanoid,2,2,30.0,False,
humanoid_forearm,Humanoid elbow and hand,humanoid,2,3,12.0,False,
humanoid_head,Humanoid head,humanoid,1,1,0.0,False,
humanoid_shin,Humanoid knee actuator,humanoid,2,3,35.0,False,
humanoid_thigh,Humanoid thigh actuator,humanoid,2,3,35.0,False,
humanoid_torso,Humanoid torso,humanoid,1,6,0.0,False,
humanoid_upper_arm,Humanoid shoulder actuator,humanoid,2,3,12.0,False,
modular_ankle_servo,Ankle servo module (30 Nm),modular_humanoid/parts,2,3,30.0,False,
modular_arm_bracket,Arm output U-bracket,modular_humanoid/parts,1,2,0.0,False,
modular_chest_shell,Removable chest shell,modular_humanoid/parts,1,1,0.0,False,
modular_controller,Modular PWM controller,modular_humanoid/parts,3,11,0.0,False,
modular_elbow_servo,Elbow servo module (12 Nm),modular_humanoid/parts,2,3,12.0,False,
modular_foot,Rubber-soled foot module,modular_humanoid/parts,1,1,0.0,False,
modular_forearm_frame,Passive forearm frame,modular_humanoid/parts,1,2,0.0,False,
modular_gripper_hand,Padded gripper hand,modular_humanoid/parts,1,2,0.0,False,
modular_head_shell,Optical head module,modular_humanoid/parts,1,1,0.0,False,
modular_hip_servo,Hip servo module (35 Nm),modular_humanoid/parts,2,3,35.0,False,
modular_knee_servo,Knee servo module (35 Nm),modular_humanoid/parts,2,3,35.0,False,
modular_leg_bracket,Leg output U-bracket,modular_humanoid/parts,1,2,0.0,False,
modular_pelvis_shell,Removable pelvis shell,modular_humanoid/parts,1,1,0.0,False,
modular_shin_frame,Passive shin frame,modular_humanoid/parts,1,2,0.0,False,
modular_shoulder_servo,Shoulder servo module (12 Nm),modular_humanoid/parts,2,3,12.0,False,
modular_thigh_frame,Passive thigh frame,modular_humanoid/parts,1,2,0.0,False,
modular_torso_frame,Modular torso frame,modular_humanoid/parts,1,8,0.0,False,
modular_upper_arm_frame,Passive upper-arm frame,modular_humanoid/parts,1,2,0.0,False,
kit_angle_bracket,Angle bracket 60 × 40 mm,construction_kit/parts,1,12,0.0,False,
kit_beam_100,Perforated beam 100 mm,construction_kit/parts,1,10,0.0,False,
kit_beam_140,Perforated beam 140 mm,construction_kit/parts,1,14,0.0,False,
kit_beam_180,Perforated beam 180 mm,construction_kit/parts,1,18,0.0,False,
kit_beam_240,Perforated beam 240 mm,construction_kit/parts,1,24,0.0,False,
kit_beam_260,Perforated beam 260 mm,construction_kit/parts,1,26,0.0,False,
kit_beam_60,Perforated beam 60 mm,construction_kit/parts,1,6,0.0,False,
kit_bolt_4,Mounting bolt 4 × 12 mm,construction_kit/parts,1,2,0.0,False,
kit_controller,Ten-channel controller,construction_kit/parts,3,18,0.0,False,
kit_controller_16,Sixteen-channel controller,construction_kit/parts,3,24,0.0,False,
kit_coupler_8,Shaft coupler 8 mm,construction_kit/parts,1,2,0.0,False,
kit_motor_12,Servo motor 12 Nm,construction_kit/parts,2,10,12.0,False,
kit_motor_35,Servo motor 35 Nm,construction_kit/parts,2,10,35.0,False,
kit_nut_4,Hex nut 4 mm,construction_kit/parts,1,2,0.0,False,
kit_optical_sensor,Optical sensor module,construction_kit/parts,3,4,0.0,False,
kit_plate_120_80,Perforated plate 120 × 80 mm,construction_kit/parts,1,48,0.0,False,
kit_plate_160_60,Perforated plate 160 × 60 mm,construction_kit/parts,1,48,0.0,False,
kit_plate_220_120,Perforated plate 220 × 120 mm,construction_kit/parts,1,60,0.0,False,
kit_plate_60_40,Perforated plate 60 × 40 mm,construction_kit/parts,1,12,0.0,False,
kit_plate_60_60,Perforated plate 60 × 60 mm,construction_kit/parts,1,18,0.0,False,
kit_plate_80_60,Perforated plate 80 × 60 mm,construction_kit/parts,1,24,0.0,False,
kit_rubber_pad,Grip pad 60 × 40 mm,construction_kit/parts,1,4,0.0,False,
kit_spacer_20,Through spacer 20 mm,construction_kit/parts,1,2,0.0,False,
kit_u_bracket_large,U bracket 86 mm,construction_kit/parts,1,18,0.0,False,
kit_u_bracket_small,U bracket 58 mm,construction_kit/parts,1,18,0.0,False,
learning_hc_sr04,HC-SR04 Ultrasonic,learning_biped/parts,3,3,0.0,False,
torque_micro_servo,Torque Micro Servo,learning_biped/parts,2,3,0.25,False,
yaw_biped_body,Yaw Biped Body,learning_biped/parts,1,3,0.0,False,
yaw_leg_link,Yaw Leg Link,learning_biped/parts,1,2,0.0,False,
